{"lst_day_mean": 270.9753112792969, "lst_day_std": 93.7245101928711, "mslp_mean": 100963.2578125, "mslp_std": 19421.76171875, "ndvi_mean": 0.3517892360687256, "ndvi_std": 0.29621705412864685, "pop_dens_mean": 48.84950256347656, "pop_dens_std": 274.2525939941406, "ssrd_mean": 14.198357582092285, "ssrd_std": 6.705693244934082, "sst_mean": 287.0057678222656, "sst_std": 66.3868408203125, "swvl1_mean": 0.24476775527000427, "swvl1_std": 0.13989408314228058, "t2m_mean_mean": 278.7083435058594, "t2m_mean_std": 53.645545959472656, "tp_mean": 2.261176109313965, "tp_std": 0.846809446811676, "vpd_mean": 5.2764811515808105, "vpd_std": 5.4864912033081055, "gwis_ba_mean": 0.11555836349725723, "gwis_ba_std": 0.8190894722938538}