{"lst_day_mean": 272.1774597167969, "lst_day_std": 31.80580711364746, "mslp_mean": 100963.546875, "mslp_std": 38843.5234375, "ndvi_mean": 0.35941123962402344, "ndvi_std": 0.2859730124473572, "pop_dens_mean": 58.44941711425781, "pop_dens_std": 250.31747436523438, "ssrd_mean": 14.198402404785156, "ssrd_std": 8.997922897338867, "sst_mean": 286.8868103027344, "sst_std": 26.914033889770508, "swvl1_mean": 0.24020743370056152, "swvl1_std": 0.1251412183046341, "t2m_mean_mean": 278.7074890136719, "t2m_mean_std": 76.129150390625, "tp_mean": 2.276329517364502, "tp_std": 1.3078293800354004, "vpd_mean": 5.276480674743652, "vpd_std": 5.637251853942871, "gwis_ba_mean": 0.1723172515630722, "gwis_ba_std": 1.0716884136199951}